id,code,name,state_id:id,memo,dt_start,dt_end
item_bfpr_SEM CBENEF,SEM CBENEF,Item sem cBenef e UF exige cBenef para o CST,base.state_br_pr,"Informar a tag, preenchendo com o literal SEM CBENEF",,
item_bfpr_PR800000,PR800000,Imunidade ou não incidência do imposto reconhecida judicialmente,base.state_br_pr,Imunidade ou não incidência,,
item_bfpr_PR800001,PR800001,Não incidência de que trata o inciso I do “caput” do art. 3º do RICMS/2017,base.state_br_pr,Imunidade ou não incidência,,
item_bfpr_PR800002,PR800002,Não incidência de que trata o inciso II do “caput” do art. 3º do RICMS/2017,base.state_br_pr,Imunidade ou não incidência,,
item_bfpr_PR800003,PR800003,Não incidência de que trata o inciso III do “caput” do art. 3º do RICMS/2017,base.state_br_pr,Imunidade ou não incidência,,
item_bfpr_PR800004,PR800004,Não incidência de que trata o inciso IV do “caput” do art. 3º do RICMS/2017,base.state_br_pr,Imunidade ou não incidência,,
item_bfpr_PR800005,PR800005,Não incidência de que trata o inciso V do “caput” do art. 3º do RICMS/2017,base.state_br_pr,Imunidade ou não incidência,,
item_bfpr_PR800006,PR800006,Não incidência de que trata o inciso VI do “caput” do art. 3º do RICMS/2017,base.state_br_pr,Imunidade ou não incidência,,
item_bfpr_PR800007,PR800007,Não incidência de que trata o inciso VII do “caput” do art. 3º do RICMS/2017,base.state_br_pr,Imunidade ou não incidência,,
item_bfpr_PR800008,PR800008,Não incidência de que trata o inciso VIII do “caput” do art. 3º do RICMS/2017,base.state_br_pr,Imunidade ou não incidência,,
item_bfpr_PR800009,PR800009,Não incidência de que trata o inciso IX do “caput” do art. 3º do RICMS/2017,base.state_br_pr,Imunidade ou não incidência,,
item_bfpr_PR800010,PR800010,Não incidência de que trata o inciso X do “caput” do art. 3º do RICMS/2017,base.state_br_pr,Imunidade ou não incidência,,
item_bfpr_PR800011,PR800011,Não incidência de que trata o inciso XI do “caput” do art. 3º do RICMS/2017,base.state_br_pr,Imunidade ou não incidência,,
item_bfpr_PR800012,PR800012,Não incidência de que trata o inciso XIII do “caput” do art. 3º do RICMS/2017,base.state_br_pr,Imunidade ou não incidência,,
item_bfpr_PR800013,PR800013,Não incidência de que trata o inciso XIV do “caput” do art. 3º do RICMS/2017,base.state_br_pr,Imunidade ou não incidência,,
item_bfpr_PR800014,PR800014,Não incidência de que trata o inciso XV do “caput” do art. 3º do RICMS/2017,base.state_br_pr,Imunidade ou não incidência,,
item_bfpr_PR800015,PR800015,Não incidência de que trata o inciso I do parágrafo único do art. 3º do RICMS/2017,base.state_br_pr,Imunidade ou não incidência,,
item_bfpr_PR800016,PR800016,Não incidência de que trata o inciso II do parágrafo único do art. 3º do RICMS/2017,base.state_br_pr,Imunidade ou não incidência,,
item_bfpr_PR800017,PR800017,Não incidência de que trata o inciso XII do “caput” do art. 3º do RICMS/2017,base.state_br_pr,Imunidade ou não incidência,,
item_bjpr_PR800018,PR800018,Sem destaque do ICMS conforme art. 140 do RICMS/2017,base.state_br_pr,Não tributado,,
item_bjpr_PR800019,PR800019,Sem destaque do ICMS conforme  inciso II do § 3º do art. 237 e art. 13 do Anexo VIII do RICMS/2017,base.state_br_pr,Não tributado,,
item_bjpr_PR800020,PR800020,Sem destaque do ICMS conforme § 5º do art. 237  do RICMS/2017,base.state_br_pr,Não tributado,,
item_bjpr_PR800021,PR800021,Sem destaque do ICMS conforme alínea 'b' do inciso I do § 11 do art. 237  do RICMS/2017,base.state_br_pr,Não tributado,,
item_bjpr_PR800022,PR800022,Sem destaque do ICMS conforme § 2º do art. 395  do RICMS/2017,base.state_br_pr,Não tributado,,
item_bjpr_PR800023,PR800023,Sem destaque do ICMS conforme  inciso I do art. 397  do RICMS/2017,base.state_br_pr,Não tributado,,
item_bjpr_PR800024,PR800024,Sem destaque do ICMS conforme  § 1º do art. 411  do RICMS/2017,base.state_br_pr,Não tributado,,
item_bjpr_PR800025,PR800025,Sem destaque do ICMS conforme  inciso II do § 2º do art. 411  do RICMS/2017,base.state_br_pr,Não tributado,,
item_bjpr_PR800026,PR800026,Sem destaque do ICMS conforme inciso II do art. 415 do RICMS/2017,base.state_br_pr,Não tributado,,
item_bjpr_PR800027,PR800027,Sem destaque do ICMS conforme inciso II do art. 416 do RICMS/2017,base.state_br_pr,Não tributado,,
item_bjpr_PR800028,PR800028,Sem destaque do ICMS conforme art. 419 do RICMS/2017,base.state_br_pr,Não tributado,,
item_bjpr_PR800029,PR800029,Sem destaque do ICMS conforme  alínea 'b' do inciso I do art. 425  do RICMS/2017,base.state_br_pr,Não tributado,,
item_bjpr_PR800030,PR800030,Sem destaque do ICMS conforme  inciso II do art. 425  do RICMS/2017,base.state_br_pr,Não tributado,,
item_bjpr_PR800031,PR800031,Sem destaque do ICMS conforme  alínea 'a' do inciso I do art. 430  do RICMS/2017,base.state_br_pr,Não tributado,,
item_bjpr_PR800032,PR800032,Sem destaque do ICMS conforme inciso II do art. 430  do RICMS/2017,base.state_br_pr,Não tributado,,
item_bjpr_PR800033,PR800033,Sem destaque do ICMS conforme  art. 439  do RICMS/2017,base.state_br_pr,Não tributado,,
item_bjpr_PR800034,PR800034,Sem destaque do ICMS conforme  § 3º do art. 440  do RICMS/2017,base.state_br_pr,Não tributado,,
item_bjpr_PR800035,PR800035,Sem destaque do ICMS conforme art. 472 do RICMS/2017,base.state_br_pr,Não tributado,,
item_bjpr_PR800036,PR800036,Sem destaque do ICMS conforme inciso I do art. 497 e alínea 'a' do inciso II do art. 499 do RICMS/2017,base.state_br_pr,Não tributado,,
item_bjpr_PR800037,PR800037,Sem destaque do ICMS conforme alínea 'a' do inciso I do § 1º  art. 497 e alínea 'c' do inciso II do art. 499 do RICMS/2017,base.state_br_pr,Não tributado,,
item_bjpr_PR800038,PR800038,Sem destaque do ICMS conforme alínea 'b' do inciso II do art. 499 e  inciso II do art. 499-A do RICMS/2017,base.state_br_pr,Não tributado,,
item_bjpr_PR800039,PR800039,Sem destaque do ICMS conforme art. 518 do RICMS/2017,base.state_br_pr,Não tributado,,
item_bjpr_PR800040,PR800040,Sem destaque do ICMS conforme inciso I do art. 518 do RICMS/2017,base.state_br_pr,Não tributado,,
item_bjpr_PR800041,PR800041,Sem destaque do ICMS conforme arts. 538 e 539 do RICMS/2017,base.state_br_pr,Não tributado,,
item_bjpr_PR800042,PR800042,Sem destaque do ICMS conforme art. 578  'caput' do RICMS/2017,base.state_br_pr,Não tributado,,
item_bjpr_PR800043,PR800043,Sem destaque do ICMS conforme art. 578  § 4º  inciso II  item 2  do RICMS/2017,base.state_br_pr,Não tributado,,
item_bjpr_PR800044,PR800044,Sem destaque do ICMS conforme Anexo VIII  arts. 8º  inciso I  alínea 'c'  e 9º  inciso I  do RICMS/2017,base.state_br_pr,Não tributado,,
item_bjpr_PR800045,PR800045,Sem destaque do ICMS conforme Anexo IV  Subanexo II  arts. 31 e 33 do RICMS/2017,base.state_br_pr,Não tributado,,
item_bjpr_PR800046,PR800046,Sem destaque do ICMS conforme Anexo IV  Subanexo I  art.14  do RICMS/2017,base.state_br_pr,Não tributado,,
item_bjpr_PR809998,PR809998,Operação ou prestação não tributada sem código específico,base.state_br_pr,Não tributado,,
item_bfpr_PR809999,PR809999,Não Incidência prevista em regime especial e/ou programa de incentivo,base.state_br_pr,Imunidade ou não incidência,,
item_bfpr_PR810000,PR810000,Isenção do pagamento do imposto reconhecida judicialmente,base.state_br_pr,Isenção,,
item_bfpr_PR810001,PR810001,Isenção prevista no item 1 do Anexo V do RICMS/2017,base.state_br_pr,Isenção,,
item_bfpr_PR810002,PR810002,Isenção prevista no item 2 do Anexo V do RICMS/2017,base.state_br_pr,Isenção,,
item_bfpr_PR810003,PR810003,Isenção prevista no item 3 do Anexo V do RICMS/2017,base.state_br_pr,Isenção,,
item_bfpr_PR810004,PR810004,Isenção prevista no item 4 do Anexo V do RICMS/2017,base.state_br_pr,Isenção,,
item_bfpr_PR810005,PR810005,Isenção prevista no item 5 do Anexo V do RICMS/2017,base.state_br_pr,Isenção,,
item_bfpr_PR810006,PR810006,Isenção prevista no item 6 do Anexo V do RICMS/2017,base.state_br_pr,Isenção,,
item_bfpr_PR810007,PR810007,Isenção prevista no item 7 do Anexo V do RICMS/2017,base.state_br_pr,Isenção,,
item_bfpr_PR810008,PR810008,Isenção prevista no item 8 do Anexo V do RICMS/2017,base.state_br_pr,Isenção,,
item_bfpr_PR810009,PR810009,Isenção prevista no item 9 do Anexo V do RICMS/2017,base.state_br_pr,Isenção,,
item_bfpr_PR810010,PR810010,Isenção prevista no item 10 do Anexo V do RICMS/2017,base.state_br_pr,Isenção,,
item_bfpr_PR810011,PR810011,Isenção prevista no item 11 do Anexo V do RICMS/2017,base.state_br_pr,Isenção,,
item_bfpr_PR810012,PR810012,Isenção prevista no item 12 do Anexo V do RICMS/2017,base.state_br_pr,Isenção,,
item_bfpr_PR810013,PR810013,Isenção prevista no item 13 do Anexo V do RICMS/2017,base.state_br_pr,Isenção,,
item_bfpr_PR810014,PR810014,Isenção prevista no item 14 do Anexo V do RICMS/2017,base.state_br_pr,Isenção,,
item_bfpr_PR810015,PR810015,Isenção prevista no item 15 do Anexo V do RICMS/2017,base.state_br_pr,Isenção,,
item_bfpr_PR810016,PR810016,Isenção prevista no item 16 do Anexo V do RICMS/2017,base.state_br_pr,Isenção,,
item_bfpr_PR810017,PR810017,Isenção prevista no item 17 do Anexo V do RICMS/2017,base.state_br_pr,Isenção,,
item_bfpr_PR810018,PR810018,Isenção prevista no item 18 do Anexo V do RICMS/2017,base.state_br_pr,Isenção,,
item_bfpr_PR810019,PR810019,Isenção prevista no item 19 do Anexo V do RICMS/2017,base.state_br_pr,Isenção,,
item_bfpr_PR810020,PR810020,Isenção prevista no item 20 do Anexo V do RICMS/2017,base.state_br_pr,Isenção,,
item_bfpr_PR810021,PR810021,Isenção prevista no item 21 do Anexo V do RICMS/2017,base.state_br_pr,Isenção,,
item_bfpr_PR810022,PR810022,Isenção prevista no item 22 do Anexo V do RICMS/2017,base.state_br_pr,Isenção,,
item_bfpr_PR810023,PR810023,Isenção prevista no item 23 do Anexo V do RICMS/2017,base.state_br_pr,Isenção,,
item_bfpr_PR810024,PR810024,Isenção prevista no item 24 do Anexo V do RICMS/2017,base.state_br_pr,Isenção,,
item_bfpr_PR810025,PR810025,Isenção prevista no item 25 do Anexo V do RICMS/2017,base.state_br_pr,Isenção,,
item_bfpr_PR810026,PR810026,Isenção prevista no item 26 do Anexo V do RICMS/2017,base.state_br_pr,Isenção,,
item_bfpr_PR810027,PR810027,Isenção prevista no item 27 do Anexo V do RICMS/2017,base.state_br_pr,Isenção,,
item_bfpr_PR810028,PR810028,Isenção prevista no item 28 do Anexo V do RICMS/2017,base.state_br_pr,Isenção,,
item_bfpr_PR810029,PR810029,Isenção prevista no item 29 do Anexo V do RICMS/2017,base.state_br_pr,Isenção,,
item_bfpr_PR810030,PR810030,Isenção prevista no item 30 do Anexo V do RICMS/2017,base.state_br_pr,Isenção,,
item_bfpr_PR810031,PR810031,Isenção prevista no item 31 do Anexo V do RICMS/2017,base.state_br_pr,Isenção,,
item_bfpr_PR810032,PR810032,Isenção prevista no item 32 do Anexo V do RICMS/2017,base.state_br_pr,Isenção,,
item_bfpr_PR810033,PR810033,Isenção prevista no item 33 do Anexo V do RICMS/2017,base.state_br_pr,Isenção,,
item_bfpr_PR810034,PR810034,Isenção prevista no item 34 do Anexo V do RICMS/2017,base.state_br_pr,Isenção,,
item_bfpr_PR810035,PR810035,Isenção prevista no item 35 do Anexo V do RICMS/2017,base.state_br_pr,Isenção,,
item_bfpr_PR810036,PR810036,Isenção prevista no item 36 do Anexo V do RICMS/2017,base.state_br_pr,Isenção,,
item_bfpr_PR810037,PR810037,Isenção prevista no item 37 do Anexo V do RICMS/2017,base.state_br_pr,Isenção,,
item_bfpr_PR810038,PR810038,Isenção prevista no item 38 do Anexo V do RICMS/2017,base.state_br_pr,Isenção,,
item_bfpr_PR810039,PR810039,Isenção prevista no item 39 do Anexo V do RICMS/2017,base.state_br_pr,Isenção,,
item_bfpr_PR810040,PR810040,Isenção prevista no item 40 do Anexo V do RICMS/2017,base.state_br_pr,Isenção,,
item_bfpr_PR810041,PR810041,Isenção prevista no item 41 do Anexo V do RICMS/2017,base.state_br_pr,Isenção,,
item_bfpr_PR810042,PR810042,Isenção prevista no item 42 do Anexo V do RICMS/2017,base.state_br_pr,Isenção,,
item_bfpr_PR810043,PR810043,Isenção prevista no item 43 do Anexo V do RICMS/2017,base.state_br_pr,Isenção,,
item_bfpr_PR810044,PR810044,Isenção prevista no item 44 do Anexo V do RICMS/2017,base.state_br_pr,Isenção,,
item_bfpr_PR810045,PR810045,Isenção prevista no item 45 do Anexo V do RICMS/2017,base.state_br_pr,Isenção,,
item_bfpr_PR810046,PR810046,Isenção prevista no item 46 do Anexo V do RICMS/2017,base.state_br_pr,Isenção,,
item_bfpr_PR810047,PR810047,Isenção prevista no item 47 do Anexo V do RICMS/2017,base.state_br_pr,Isenção,,
item_bfpr_PR810048,PR810048,Isenção prevista no item 48 do Anexo V do RICMS/2017,base.state_br_pr,Isenção,,
item_bfpr_PR810049,PR810049,Isenção prevista no item 49 do Anexo V do RICMS/2017,base.state_br_pr,Isenção,,
item_bfpr_PR810050,PR810050,Isenção prevista no item 50 do Anexo V do RICMS/2017,base.state_br_pr,Isenção,,
item_bfpr_PR810051,PR810051,Isenção prevista no item 51 do Anexo V do RICMS/2017,base.state_br_pr,Isenção,,
item_bfpr_PR810052,PR810052,Isenção prevista no item 52 do Anexo V do RICMS/2017,base.state_br_pr,Isenção,,
item_bfpr_PR810053,PR810053,Isenção prevista no item 53 do Anexo V do RICMS/2017,base.state_br_pr,Isenção,,
item_bfpr_PR810054,PR810054,Isenção prevista no item 54 do Anexo V do RICMS/2017,base.state_br_pr,Isenção,,
item_bfpr_PR810055,PR810055,Isenção prevista no item 55 do Anexo V do RICMS/2017,base.state_br_pr,Isenção,,
item_bfpr_PR810056,PR810056,Isenção prevista no item 56 do Anexo V do RICMS/2017,base.state_br_pr,Isenção,,
item_bfpr_PR810057,PR810057,Isenção prevista no item 57 do Anexo V do RICMS/2017,base.state_br_pr,Isenção,,
item_bfpr_PR810058,PR810058,Isenção prevista no item 58 do Anexo V do RICMS/2017,base.state_br_pr,Isenção,,
item_bfpr_PR810059,PR810059,Isenção prevista no item 59 do Anexo V do RICMS/2017,base.state_br_pr,Isenção,,
item_bfpr_PR810060,PR810060,Isenção prevista no item 60 do Anexo V do RICMS/2017,base.state_br_pr,Isenção,,
item_bfpr_PR810061,PR810061,Isenção prevista no item 61 do Anexo V do RICMS/2017,base.state_br_pr,Isenção,,
item_bfpr_PR810062,PR810062,Isenção prevista no item 62 do Anexo V do RICMS/2017,base.state_br_pr,Isenção,,
item_bfpr_PR810063,PR810063,Isenção prevista no item 63 do Anexo V do RICMS/2017,base.state_br_pr,Isenção,,
item_bfpr_PR810064,PR810064,Isenção prevista no item 64 do Anexo V do RICMS/2017,base.state_br_pr,Isenção,,
item_bfpr_PR810065,PR810065,Isenção prevista no item 65 do Anexo V do RICMS/2017,base.state_br_pr,Isenção,,
item_bfpr_PR810066,PR810066,Isenção prevista no item 66 do Anexo V do RICMS/2017,base.state_br_pr,Isenção,,
item_bfpr_PR810067,PR810067,Isenção prevista no item 67 do Anexo V do RICMS/2017,base.state_br_pr,Isenção,,
item_bfpr_PR810068,PR810068,Isenção prevista no item 68 do Anexo V do RICMS/2017,base.state_br_pr,Isenção,,
item_bfpr_PR810069,PR810069,Isenção prevista no item 69 do Anexo V do RICMS/2017,base.state_br_pr,Isenção,,
item_bfpr_PR810070,PR810070,Isenção prevista no item 70 do Anexo V do RICMS/2017,base.state_br_pr,Isenção,,
item_bfpr_PR810071,PR810071,Isenção prevista no item 71 do Anexo V do RICMS/2017,base.state_br_pr,Isenção,,
item_bfpr_PR810072,PR810072,Isenção prevista no item 72 do Anexo V do RICMS/2017,base.state_br_pr,Isenção,,
item_bfpr_PR810073,PR810073,Isenção prevista no item 73 do Anexo V do RICMS/2017,base.state_br_pr,Isenção,,
item_bfpr_PR810074,PR810074,Isenção prevista no item 74 do Anexo V do RICMS/2017,base.state_br_pr,Isenção,,
item_bfpr_PR810075,PR810075,Isenção prevista no item 75 do Anexo V do RICMS/2017,base.state_br_pr,Isenção,,
item_bfpr_PR810076,PR810076,Isenção prevista no item 76 do Anexo V do RICMS/2017,base.state_br_pr,Isenção,,
item_bfpr_PR810077,PR810077,Isenção prevista no item 77 do Anexo V do RICMS/2017,base.state_br_pr,Isenção,,
item_bfpr_PR810078,PR810078,Isenção prevista no item 78 do Anexo V do RICMS/2017,base.state_br_pr,Isenção,,
item_bfpr_PR810079,PR810079,Isenção prevista no item 79 do Anexo V do RICMS/2017,base.state_br_pr,Isenção,,
item_bfpr_PR810080,PR810080,Isenção prevista no item 80 do Anexo V do RICMS/2017,base.state_br_pr,Isenção,,
item_bfpr_PR810081,PR810081,Isenção prevista no item 81 do Anexo V do RICMS/2017,base.state_br_pr,Isenção,,
item_bfpr_PR810082,PR810082,Isenção prevista no item 82 do Anexo V do RICMS/2017,base.state_br_pr,Isenção,,
item_bfpr_PR810083,PR810083,Isenção prevista no item 83 do Anexo V do RICMS/2017,base.state_br_pr,Isenção,,
item_bfpr_PR810084,PR810084,Isenção prevista no item 84 do Anexo V do RICMS/2017,base.state_br_pr,Isenção,,
item_bfpr_PR810085,PR810085,Isenção prevista no item 85 do Anexo V do RICMS/2017,base.state_br_pr,Isenção,,
item_bfpr_PR810086,PR810086,Isenção prevista no item 86 do Anexo V do RICMS/2017,base.state_br_pr,Isenção,,
item_bfpr_PR810087,PR810087,Isenção prevista no item 87 do Anexo V do RICMS/2017,base.state_br_pr,Isenção,,
item_bfpr_PR810088,PR810088,Isenção prevista no item 88 do Anexo V do RICMS/2017,base.state_br_pr,Isenção,,
item_bfpr_PR810089,PR810089,Isenção prevista no item 89 do Anexo V do RICMS/2017,base.state_br_pr,Isenção,,
item_bfpr_PR810090,PR810090,Isenção prevista no item 90 do Anexo V do RICMS/2017,base.state_br_pr,Isenção,,
item_bfpr_PR810091,PR810091,Isenção prevista no item 91 do Anexo V do RICMS/2017,base.state_br_pr,Isenção,,
item_bfpr_PR810092,PR810092,Isenção prevista no item 92 do Anexo V do RICMS/2017,base.state_br_pr,Isenção,,
item_bfpr_PR810093,PR810093,Isenção prevista no item 93 do Anexo V do RICMS/2017,base.state_br_pr,Isenção,,
item_bfpr_PR810094,PR810094,Isenção prevista no item 94 do Anexo V do RICMS/2017,base.state_br_pr,Isenção,,
item_bfpr_PR810095,PR810095,Isenção prevista no item 95 do Anexo V do RICMS/2017,base.state_br_pr,Isenção,,
item_bfpr_PR810096,PR810096,Isenção prevista no item 96 do Anexo V do RICMS/2017,base.state_br_pr,Isenção,,
item_bfpr_PR810097,PR810097,Isenção prevista no item 97 do Anexo V do RICMS/2017,base.state_br_pr,Isenção,,
item_bfpr_PR810098,PR810098,Isenção prevista no item 98 do Anexo V do RICMS/2017,base.state_br_pr,Isenção,,
item_bfpr_PR810099,PR810099,Isenção prevista no item 99 do Anexo V do RICMS/2017,base.state_br_pr,Isenção,,
item_bfpr_PR810100,PR810100,Isenção prevista no item 100 do Anexo V do RICMS/2017,base.state_br_pr,Isenção,,
item_bfpr_PR810101,PR810101,Isenção prevista no item 101 do Anexo V do RICMS/2017,base.state_br_pr,Isenção,,
item_bfpr_PR810102,PR810102,Isenção prevista no item 102 do Anexo V do RICMS/2017,base.state_br_pr,Isenção,,
item_bfpr_PR810103,PR810103,Isenção prevista no item 103 do Anexo V do RICMS/2017,base.state_br_pr,Isenção,,
item_bfpr_PR810104,PR810104,Isenção prevista no item 104 do Anexo V do RICMS/2017,base.state_br_pr,Isenção,,
item_bfpr_PR810105,PR810105,Isenção prevista no item 105 do Anexo V do RICMS/2017,base.state_br_pr,Isenção,,
item_bfpr_PR810106,PR810106,Isenção prevista no item 106 do Anexo V do RICMS/2017,base.state_br_pr,Isenção,,
item_bfpr_PR810107,PR810107,Isenção prevista no item 107 do Anexo V do RICMS/2017,base.state_br_pr,Isenção,,
item_bfpr_PR810108,PR810108,Isenção prevista no item 108 do Anexo V do RICMS/2017,base.state_br_pr,Isenção,,
item_bfpr_PR810109,PR810109,Isenção prevista no item 109 do Anexo V do RICMS/2017,base.state_br_pr,Isenção,,
item_bfpr_PR810110,PR810110,Isenção prevista no item 110 do Anexo V do RICMS/2017,base.state_br_pr,Isenção,,
item_bfpr_PR810111,PR810111,Isenção prevista no item 111 do Anexo V do RICMS/2017,base.state_br_pr,Isenção,,
item_bfpr_PR810112,PR810112,Isenção prevista no item 112 do Anexo V do RICMS/2017,base.state_br_pr,Isenção,,
item_bfpr_PR810113,PR810113,Isenção prevista no item 113 do Anexo V do RICMS/2017,base.state_br_pr,Isenção,,
item_bfpr_PR810114,PR810114,Isenção prevista no item 114 do Anexo V do RICMS/2017,base.state_br_pr,Isenção,,
item_bfpr_PR810115,PR810115,Isenção prevista no item 115 do Anexo V do RICMS/2017,base.state_br_pr,Isenção,,
item_bfpr_PR810116,PR810116,Isenção prevista no item 116 do Anexo V do RICMS/2017,base.state_br_pr,Isenção,,
item_bfpr_PR810117,PR810117,Isenção prevista no item 117 do Anexo V do RICMS/2017,base.state_br_pr,Isenção,,
item_bfpr_PR810118,PR810118,Isenção prevista no item 118 do Anexo V do RICMS/2017,base.state_br_pr,Isenção,,
item_bfpr_PR810119,PR810119,Isenção prevista no item 119 do Anexo V do RICMS/2017,base.state_br_pr,Isenção,,
item_bfpr_PR810120,PR810120,Isenção prevista no item 120 do Anexo V do RICMS/2017,base.state_br_pr,Isenção,,
item_bfpr_PR810121,PR810121,Isenção prevista no item 121 do Anexo V do RICMS/2017,base.state_br_pr,Isenção,,
item_bfpr_PR810122,PR810122,Isenção prevista no item 122 do Anexo V do RICMS/2017,base.state_br_pr,Isenção,,
item_bfpr_PR810123,PR810123,Isenção prevista no item 123 do Anexo V do RICMS/2017,base.state_br_pr,Isenção,,
item_bfpr_PR810124,PR810124,Isenção prevista no item 124 do Anexo V do RICMS/2017,base.state_br_pr,Isenção,,
item_bfpr_PR810125,PR810125,Isenção prevista no item 125 do Anexo V do RICMS/2017,base.state_br_pr,Isenção,,
item_bfpr_PR810126,PR810126,Isenção prevista no item 126 do Anexo V do RICMS/2017,base.state_br_pr,Isenção,,
item_bfpr_PR810127,PR810127,Isenção prevista no item 127 do Anexo V do RICMS/2017,base.state_br_pr,Isenção,,
item_bfpr_PR810128,PR810128,Isenção prevista no item 128 do Anexo V do RICMS/2017,base.state_br_pr,Isenção,,
item_bfpr_PR810129,PR810129,Isenção prevista no item 129 do Anexo V do RICMS/2017,base.state_br_pr,Isenção,,
item_bfpr_PR810130,PR810130,Isenção prevista no item 130 do Anexo V do RICMS/2017,base.state_br_pr,Isenção,,
item_bfpr_PR810131,PR810131,Isenção prevista no item 131 do Anexo V do RICMS/2017,base.state_br_pr,Isenção,,
item_bfpr_PR810132,PR810132,Isenção prevista no item 132 do Anexo V do RICMS/2017,base.state_br_pr,Isenção,,
item_bfpr_PR810133,PR810133,Isenção prevista no item 133 do Anexo V do RICMS/2017,base.state_br_pr,Isenção,,
item_bfpr_PR810134,PR810134,Isenção prevista no item 134 do Anexo V do RICMS/2017,base.state_br_pr,Isenção,,
item_bfpr_PR810135,PR810135,Isenção prevista no item 135 do Anexo V do RICMS/2017,base.state_br_pr,Isenção,,
item_bfpr_PR810136,PR810136,Isenção prevista no item 136 do Anexo V do RICMS/2017,base.state_br_pr,Isenção,,
item_bfpr_PR810137,PR810137,Isenção prevista no item 137 do Anexo V do RICMS/2017,base.state_br_pr,Isenção,,
item_bfpr_PR810138,PR810138,Isenção prevista no item 138 do Anexo V do RICMS/2017,base.state_br_pr,Isenção,,
item_bfpr_PR810139,PR810139,Isenção prevista no item 139 do Anexo V do RICMS/2017,base.state_br_pr,Isenção,,
item_bfpr_PR810140,PR810140,Isenção prevista no item 140 do Anexo V do RICMS/2017,base.state_br_pr,Isenção,,
item_bfpr_PR810141,PR810141,Isenção prevista no item 141 do Anexo V do RICMS/2017,base.state_br_pr,Isenção,,
item_bfpr_PR810142,PR810142,Isenção prevista no item 142 do Anexo V do RICMS/2017,base.state_br_pr,Isenção,,
item_bfpr_PR810143,PR810143,Isenção prevista no item 143 do Anexo V do RICMS/2017,base.state_br_pr,Isenção,,
item_bfpr_PR810144,PR810144,Isenção prevista no item 144 do Anexo V do RICMS/2017,base.state_br_pr,Isenção,,
item_bfpr_PR810145,PR810145,Isenção prevista no item 145 do Anexo V do RICMS/2017,base.state_br_pr,Isenção,,
item_bfpr_PR810146,PR810146,Isenção prevista no item 146 do Anexo V do RICMS/2017,base.state_br_pr,Isenção,,
item_bfpr_PR810147,PR810147,Isenção prevista no item 147 do Anexo V do RICMS/2017,base.state_br_pr,Isenção,,
item_bfpr_PR810148,PR810148,Isenção prevista no item 148 do Anexo V do RICMS/2017,base.state_br_pr,Isenção,,
item_bfpr_PR810149,PR810149,Isenção prevista no item 149 do Anexo V do RICMS/2017,base.state_br_pr,Isenção,,
item_bfpr_PR810150,PR810150,Isenção prevista no item 150 do Anexo V do RICMS/2017,base.state_br_pr,Isenção,,
item_bfpr_PR810151,PR810151,Isenção prevista no item 151 do Anexo V do RICMS/2017,base.state_br_pr,Isenção,,
item_bfpr_PR810152,PR810152,Isenção prevista no item 152 do Anexo V do RICMS/2017,base.state_br_pr,Isenção,,
item_bfpr_PR810153,PR810153,Isenção prevista no item 153 do Anexo V do RICMS/2017,base.state_br_pr,Isenção,,
item_bfpr_PR810154,PR810154,Isenção prevista no item 154 do Anexo V do RICMS/2017,base.state_br_pr,Isenção,,
item_bfpr_PR810155,PR810155,Isenção prevista no item 155 do Anexo V do RICMS/2017,base.state_br_pr,Isenção,,
item_bfpr_PR810156,PR810156,Isenção prevista no item 156 do Anexo V do RICMS/2017,base.state_br_pr,Isenção,,
item_bfpr_PR810157,PR810157,Isenção prevista no item 157 do Anexo V do RICMS/2017,base.state_br_pr,Isenção,,
item_bfpr_PR810158,PR810158,Isenção prevista no item 158 do Anexo V do RICMS/2017,base.state_br_pr,Isenção,,
item_bfpr_PR810159,PR810159,Isenção prevista no item 159 do Anexo V do RICMS/2017,base.state_br_pr,Isenção,,
item_bfpr_PR810160,PR810160,Isenção prevista no item 160 do Anexo V do RICMS/2017,base.state_br_pr,Isenção,,
item_bfpr_PR810161,PR810161,Isenção prevista no item 161 do Anexo V do RICMS/2017,base.state_br_pr,Isenção,,
item_bfpr_PR810162,PR810162,Isenção prevista no item 162 do Anexo V do RICMS/2017,base.state_br_pr,Isenção,,
item_bfpr_PR810163,PR810163,Isenção prevista no item 163 do Anexo V do RICMS/2017,base.state_br_pr,Isenção,,
item_bfpr_PR810164,PR810164,Isenção prevista no item 164 do Anexo V do RICMS/2017,base.state_br_pr,Isenção,,
item_bfpr_PR810165,PR810165,Isenção prevista no item 165 do Anexo V do RICMS/2017,base.state_br_pr,Isenção,,
item_bfpr_PR810166,PR810166,Isenção prevista no item 166 do Anexo V do RICMS/2017,base.state_br_pr,Isenção,,
item_bfpr_PR810167,PR810167,Isenção prevista no item 167 do Anexo V do RICMS/2017,base.state_br_pr,Isenção,,
item_bfpr_PR810168,PR810168,Isenção prevista no item 168 do Anexo V do RICMS/2017,base.state_br_pr,Isenção,,
item_bfpr_PR810169,PR810169,Isenção prevista no item 169 do Anexo V do RICMS/2017,base.state_br_pr,Isenção,,
item_bfpr_PR810170,PR810170,Isenção prevista no item 170 do Anexo V do RICMS/2017,base.state_br_pr,Isenção,,
item_bfpr_PR810171,PR810171,Isenção prevista no item 171 do Anexo V do RICMS/2017,base.state_br_pr,Isenção,,
item_bfpr_PR810172,PR810172,Isenção prevista no item 172 do Anexo V do RICMS/2017,base.state_br_pr,Isenção,,
item_bfpr_PR810173,PR810173,Isenção prevista no item 173 do Anexo V do RICMS/2017,base.state_br_pr,Isenção,,
item_bfpr_PR810174,PR810174,Isenção prevista no item 174 do Anexo V do RICMS/2017,base.state_br_pr,Isenção,,
item_bfpr_PR810175,PR810175,Isenção prevista no item 175 do Anexo V do RICMS/2017,base.state_br_pr,Isenção,,
item_bfpr_PR810176,PR810176,Isenção prevista no item 58-A do Anexo V do RICMS/2017,base.state_br_pr,Isenção,,
item_bfpr_PR810177,PR810177,Isenção prevista no item 104-A do Anexo V do RICMS/2017,base.state_br_pr,Isenção,,
item_bfpr_PR810178,PR810178,Isenção prevista no item 108-A do Anexo V do RICMS/2017,base.state_br_pr,Isenção,,
item_bfpr_PR810179,PR810179,Isenção prevista no item 125-A do Anexo V do RICMS/2017,base.state_br_pr,Isenção,,
item_bfpr_PR810180,PR810180,Isenção prevista no item 143-A do Anexo V do RICMS/2017,base.state_br_pr,Isenção,,
item_bfpr_PR810181,PR810181,Isenção prevista no item 143-B do Anexo V do RICMS/2017,base.state_br_pr,Isenção,,
item_bfpr_PR810182,PR810182,Isenção prevista no item 143-C do Anexo V do RICMS/2017,base.state_br_pr,Isenção,,
item_bfpr_PR810183,PR810183,Isenção prevista no item 144-A do Anexo V do RICMS/2017,base.state_br_pr,Isenção,,
item_bjpr_PR819998,PR819998,Isenção sem código específico,base.state_br_pr,Isenção,,
item_bfpr_PR819999,PR819999,Isenção prevista em regime especial e/ou programa de incentivo,base.state_br_pr,Isenção,,
item_bfpr_PR820000,PR820000,Redução de base de cálculo do imposto reconhecida judicialmente,base.state_br_pr,Redução de base de cálculo,,
item_bfpr_PR820001,PR820001,Redução de base de cálculo prevista no item 1 do Anexo VI do RICMS/2017,base.state_br_pr,Redução de base de cálculo,,
item_bfpr_PR820002,PR820002,Redução de base de cálculo prevista no item 2 do Anexo VI do RICMS/2017,base.state_br_pr,Redução de base de cálculo,,
item_bfpr_PR820003,PR820003,Redução de base de cálculo prevista no item 3 do Anexo VI do RICMS/2017,base.state_br_pr,Redução de base de cálculo,,
item_bfpr_PR820004,PR820004,Redução de base de cálculo prevista no item 4 do Anexo VI do RICMS/2017,base.state_br_pr,Redução de base de cálculo,,
item_bfpr_PR820005,PR820005,Redução de base de cálculo prevista no item 5 do Anexo VI do RICMS/2017,base.state_br_pr,Redução de base de cálculo,,
item_bfpr_PR820006,PR820006,Redução de base de cálculo prevista no item 6 do Anexo VI do RICMS/2017,base.state_br_pr,Redução de base de cálculo,,
item_bfpr_PR820007,PR820007,Redução de base de cálculo prevista no item 7 do Anexo VI do RICMS/2017,base.state_br_pr,Redução de base de cálculo,,
item_bfpr_PR820008,PR820008,Redução de base de cálculo prevista no item 8 do Anexo VI do RICMS/2017,base.state_br_pr,Redução de base de cálculo,,
item_bfpr_PR820009,PR820009,Redução de base de cálculo prevista no item 9 do Anexo VI do RICMS/2017,base.state_br_pr,Redução de base de cálculo,,
item_bfpr_PR820010,PR820010,Redução de base de cálculo prevista no item 10 do Anexo VI do RICMS/2017,base.state_br_pr,Redução de base de cálculo,,
item_bfpr_PR820011,PR820011,Redução de base de cálculo prevista no item 11 do Anexo VI do RICMS/2017,base.state_br_pr,Redução de base de cálculo,,
item_bfpr_PR820012,PR820012,Redução de base de cálculo prevista no item 12 do Anexo VI do RICMS/2017,base.state_br_pr,Redução de base de cálculo,,
item_bfpr_PR820013,PR820013,Redução de base de cálculo prevista no item 13 do Anexo VI do RICMS/2017,base.state_br_pr,Redução de base de cálculo,,
item_bfpr_PR820014,PR820014,Redução de base de cálculo prevista no item 14 do Anexo VI do RICMS/2017,base.state_br_pr,Redução de base de cálculo,,
item_bfpr_PR820015,PR820015,Redução de base de cálculo prevista no item 15 do Anexo VI do RICMS/2017,base.state_br_pr,Redução de base de cálculo,,
item_bfpr_PR820016,PR820016,Redução de base de cálculo prevista no item 16 do Anexo VI do RICMS/2017,base.state_br_pr,Redução de base de cálculo,,
item_bfpr_PR820017,PR820017,Redução de base de cálculo prevista no item 17 do Anexo VI do RICMS/2017,base.state_br_pr,Redução de base de cálculo,,
item_bfpr_PR820018,PR820018,Redução de base de cálculo prevista no item 18 do Anexo VI do RICMS/2017,base.state_br_pr,Redução de base de cálculo,,
item_bfpr_PR820019,PR820019,Redução de base de cálculo prevista no item 19 do Anexo VI do RICMS/2017,base.state_br_pr,Redução de base de cálculo,,
item_bfpr_PR820020,PR820020,Redução de base de cálculo prevista no item 20 do Anexo VI do RICMS/2017,base.state_br_pr,Redução de base de cálculo,,
item_bfpr_PR820021,PR820021,Redução de base de cálculo prevista no item 21 do Anexo VI do RICMS/2017,base.state_br_pr,Redução de base de cálculo,,
item_bfpr_PR820022,PR820022,Redução de base de cálculo prevista no item 22 do Anexo VI do RICMS/2017,base.state_br_pr,Redução de base de cálculo,,
item_bfpr_PR820023,PR820023,Redução de base de cálculo prevista no item 23 do Anexo VI do RICMS/2017,base.state_br_pr,Redução de base de cálculo,,
item_bfpr_PR820024,PR820024,Redução de base de cálculo prevista no item 24 do Anexo VI do RICMS/2017,base.state_br_pr,Redução de base de cálculo,,
item_bfpr_PR820025,PR820025,Redução de base de cálculo prevista no item 25 do Anexo VI do RICMS/2017,base.state_br_pr,Redução de base de cálculo,,
item_bfpr_PR820026,PR820026,Redução de base de cálculo prevista no item 26 do Anexo VI do RICMS/2017,base.state_br_pr,Redução de base de cálculo,,
item_bfpr_PR820027,PR820027,Redução de base de cálculo prevista no item 27 do Anexo VI do RICMS/2017,base.state_br_pr,Redução de base de cálculo,,
item_bfpr_PR820028,PR820028,Redução de base de cálculo prevista no item 28 do Anexo VI do RICMS/2017,base.state_br_pr,Redução de base de cálculo,,
item_bfpr_PR820029,PR820029,Redução de base de cálculo prevista no item 29 do Anexo VI do RICMS/2017,base.state_br_pr,Redução de base de cálculo,,
item_bfpr_PR820030,PR820030,Redução de base de cálculo prevista no item 30 do Anexo VI do RICMS/2017,base.state_br_pr,Redução de base de cálculo,,
item_bfpr_PR820031,PR820031,Redução de base de cálculo prevista no item 31 do Anexo VI do RICMS/2017,base.state_br_pr,Redução de base de cálculo,,
item_bfpr_PR820032,PR820032,Redução de base de cálculo prevista no item 32 do Anexo VI do RICMS/2017,base.state_br_pr,Redução de base de cálculo,,
item_bfpr_PR820033,PR820033,Redução de base de cálculo prevista no item 33 do Anexo VI do RICMS/2017,base.state_br_pr,Redução de base de cálculo,,
item_bfpr_PR820034,PR820034,Redução de base de cálculo prevista no item 34 do Anexo VI do RICMS/2017,base.state_br_pr,Redução de base de cálculo,,
item_bfpr_PR820035,PR820035,Redução de base de cálculo prevista no item 35 do Anexo VI do RICMS/2017,base.state_br_pr,Redução de base de cálculo,,
item_bfpr_PR820036,PR820036,Redução de base de cálculo prevista no item 36 do Anexo VI do RICMS/2017,base.state_br_pr,Redução de base de cálculo,,
item_bfpr_PR820037,PR820037,Redução de base de cálculo prevista no item 37 do Anexo VI do RICMS/2017,base.state_br_pr,Redução de base de cálculo,,
item_bfpr_PR820038,PR820038,Redução de base de cálculo prevista no item 38 do Anexo VI do RICMS/2017,base.state_br_pr,Redução de base de cálculo,,
item_bfpr_PR820039,PR820039,Redução de base de cálculo prevista no item 39 do Anexo VI do RICMS/2017,base.state_br_pr,Redução de base de cálculo,,
item_bfpr_PR820040,PR820040,Redução de base de cálculo prevista no item 40 do Anexo VI do RICMS/2017,base.state_br_pr,Redução de base de cálculo,,
item_bfpr_PR820041,PR820041,Redução de base de cálculo prevista no item 41 do Anexo VI do RICMS/2017,base.state_br_pr,Redução de base de cálculo,,
item_bfpr_PR820042,PR820042,Redução de base de cálculo prevista no item 8-A do Anexo VI do RICMS/2017,base.state_br_pr,Redução de base de cálculo,,
item_bfpr_PR820043,PR820043,Redução de base de cálculo prevista no item 36-A do Anexo VI do RICMS/2017,base.state_br_pr,Redução de base de cálculo,,
item_bfpr_PR820044,PR820044,"Redução de base de cálculo do imposto prevista no inciso II, do art. 5º da Lei 13.212/2001",base.state_br_pr,Redução de base de cálculo,,
item_bfpr_PR820045,PR820045,"Redução de base de cálculo do imposto prevista no inciso IV, do art. 5º da Lei 13.212/2001",base.state_br_pr,Redução de base de cálculo,,
item_bfpr_PR820046,PR820046,Redução de base de cálculo prevista no item 32-A do Anexo VI do RICMS/2017,base.state_br_pr,Redução de base de cálculo,,
item_bfpr_PR820047,PR820047,"Redução de base de cálculo prevista no inciso VI, do art. 3º da Lei 13.214/2001",base.state_br_pr,Redução de base de cálculo,,
item_bjpr_PR820048,PR820048,Redução de base de cálculo prevista no inciso I do art. 5º da Lei 13.212/2001,base.state_br_pr,Redução de base de cálculo,,
item_bjpr_PR820049,PR820049,Redução de base de cálculo prevista no inciso II do art. 5º da Lei 13.212/2001,base.state_br_pr,Redução de base de cálculo,,
item_bjpr_PR820050,PR820050,Redução de base de cálculo prevista no inciso IV do art. 5º da Lei 13.212/2001,base.state_br_pr,Redução de base de cálculo,,
item_bjpr_PR820051,PR820051,Redução de base de cálculo prevista no inciso III do art. 3º da Lei 13.214/2001,base.state_br_pr,Redução de base de cálculo,,
item_bjpr_PR820052,PR820052,Redução de base de cálculo prevista no inciso V do art. 3º da Lei 13.214/2001,base.state_br_pr,Redução de base de cálculo,,
item_bjpr_PR820053,PR820053,Redução de base de cálculo prevista no inciso VI do art. 3º da Lei 13.214/2001,base.state_br_pr,Redução de base de cálculo,,
item_bjpr_PR820054,PR820054,Redução de base de cálculo prevista na alínea 'c' do art. 4º da Lei 13.214/2001,base.state_br_pr,Redução de base de cálculo,,
item_bjpr_PR820055,PR820055,Redução de base de cálculo prevista no art. 3º da Lei 13.332/2001,base.state_br_pr,Redução de base de cálculo,,
item_bjpr_PR820056,PR820056,Redução de base de cálculo prevista no art. 3º da Lei 14.747/2005,base.state_br_pr,Redução de base de cálculo,,
item_bjpr_PR820057,PR820057,Redução da base de cálculo prevista no art. 37 do RICMS/2017,base.state_br_pr,Redução de base de cálculo,,
item_bjpr_PR820058,PR820058,Redução da base de cálculo prevista no art. 37 do RICMS/2017,base.state_br_pr,Redução de base de cálculo,,
item_bjpr_PR829998,PR829998,Redução da base de cálculo sem código específico,base.state_br_pr,Redução de base de cálculo,,
item_bfpr_PR829999,PR829999,Redução de base de cálculo prevista em regime especial e/ou programa de incentivo,base.state_br_pr,Redução de base de cálculo,,
item_bfpr_PR830000,PR830000,Diferimento do pagamento do imposto reconhecido judicialmente,base.state_br_pr,Diferimento,,
item_bfpr_PR830001,PR830001,Diferimento previsto no inciso I do “caput” do art. 28 do Anexo VIII do RICMS/2017,base.state_br_pr,Diferimento,,
item_bfpr_PR830002,PR830002,Diferimento previsto no inciso II do “caput” do art. 28 do Anexo VIII do RICMS/2017,base.state_br_pr,Diferimento,,
item_bfpr_PR830003,PR830003,Diferimento previsto no inciso III do “caput” do art. 28 do Anexo VIII do RICMS/2017,base.state_br_pr,Diferimento,,
item_bfpr_PR830004,PR830004,Diferimento previsto no inciso IV do “caput” do art. 28 do Anexo VIII do RICMS/2017,base.state_br_pr,Diferimento,,
item_bfpr_PR830005,PR830005,Diferimento previsto no item 1 do “caput” do art. 31 do Anexo VIII do RICMS/2017,base.state_br_pr,Diferimento,,
item_bfpr_PR830006,PR830006,Diferimento previsto no item 2 do “caput” do art. 31 do Anexo VIII do RICMS/2017,base.state_br_pr,Diferimento,,
item_bfpr_PR830007,PR830007,Diferimento previsto no item 3 do “caput” do art. 31 do Anexo VIII do RICMS/2017,base.state_br_pr,Diferimento,,
item_bfpr_PR830008,PR830008,Diferimento previsto no subitem 4.1 do “caput” do art. 31 do Anexo VIII do RICMS/2017,base.state_br_pr,Diferimento,,
item_bfpr_PR830009,PR830009,Diferimento previsto no subitem 4.2 do “caput” do art. 31 do Anexo VIII do RICMS/2017,base.state_br_pr,Diferimento,,
item_bfpr_PR830010,PR830010,Diferimento previsto no item 5 do “caput” do art. 31 do Anexo VIII do RICMS/2017,base.state_br_pr,Diferimento,,
item_bfpr_PR830011,PR830011,Diferimento previsto no item 6 do “caput” do art. 31 do Anexo VIII do RICMS/2017,base.state_br_pr,Diferimento,,
item_bfpr_PR830012,PR830012,Diferimento previsto no item 7 do “caput” do art. 31 do Anexo VIII do RICMS/2017,base.state_br_pr,Diferimento,,
item_bfpr_PR830013,PR830013,Diferimento previsto no item 8 do “caput” do art. 31 do Anexo VIII do RICMS/2017,base.state_br_pr,Diferimento,,
item_bfpr_PR830014,PR830014,Diferimento previsto no item 9 do “caput” do art. 31 do Anexo VIII do RICMS/2017,base.state_br_pr,Diferimento,,
item_bfpr_PR830015,PR830015,Diferimento previsto no item 10 do “caput” do art. 31 do Anexo VIII do RICMS/2017,base.state_br_pr,Diferimento,,
item_bfpr_PR830016,PR830016,Diferimento previsto no item 11 do “caput” do art. 31 do Anexo VIII do RICMS/2017,base.state_br_pr,Diferimento,,
item_bfpr_PR830017,PR830017,Diferimento previsto no item 12 do “caput” do art. 31 do Anexo VIII do RICMS/2017,base.state_br_pr,Diferimento,,
item_bfpr_PR830018,PR830018,Diferimento previsto no item 13 do “caput” do art. 31 do Anexo VIII do RICMS/2017,base.state_br_pr,Diferimento,,
item_bfpr_PR830019,PR830019,Diferimento previsto no item 14 do “caput” do art. 31 do Anexo VIII do RICMS/2017,base.state_br_pr,Diferimento,,
item_bfpr_PR830020,PR830020,Diferimento previsto no item 15 do “caput” do art. 31 do Anexo VIII do RICMS/2017,base.state_br_pr,Diferimento,,
item_bfpr_PR830021,PR830021,Diferimento previsto no item 16 do “caput” do art. 31 do Anexo VIII do RICMS/2017,base.state_br_pr,Diferimento,,
item_bfpr_PR830022,PR830022,Diferimento previsto no item 17 do “caput” do art. 31 do Anexo VIII do RICMS/2017,base.state_br_pr,Diferimento,,
item_bfpr_PR830023,PR830023,Diferimento previsto no item 18 do “caput” do art. 31 do Anexo VIII do RICMS/2017,base.state_br_pr,Diferimento,,
item_bfpr_PR830024,PR830024,Diferimento previsto no item 19 do “caput” do art. 31 do Anexo VIII do RICMS/2017,base.state_br_pr,Diferimento,,
item_bfpr_PR830025,PR830025,Diferimento previsto no item 20 do “caput” do art. 31 do Anexo VIII do RICMS/2017,base.state_br_pr,Diferimento,,
item_bfpr_PR830026,PR830026,Diferimento previsto no item 21 do “caput” do art. 31 do Anexo VIII do RICMS/2017,base.state_br_pr,Diferimento,,
item_bfpr_PR830027,PR830027,Diferimento previsto no item 22 do “caput” do art. 31 do Anexo VIII do RICMS/2017,base.state_br_pr,Diferimento,,
item_bfpr_PR830028,PR830028,Diferimento previsto no item 23 do “caput” do art. 31 do Anexo VIII do RICMS/2017,base.state_br_pr,Diferimento,,
item_bfpr_PR830029,PR830029,Diferimento previsto no item 24 do “caput” do art. 31 do Anexo VIII do RICMS/2017,base.state_br_pr,Diferimento,,
item_bfpr_PR830030,PR830030,Diferimento previsto no item 25 do “caput” do art. 31 do Anexo VIII do RICMS/2017,base.state_br_pr,Diferimento,,
item_bfpr_PR830031,PR830031,Diferimento previsto no item 26 do “caput” do art. 31 do Anexo VIII do RICMS/2017,base.state_br_pr,Diferimento,,
item_bfpr_PR830032,PR830032,Diferimento previsto no subitem 27.1 do “caput” do art. 31 do Anexo VIII do RICMS/2017,base.state_br_pr,Diferimento,,
item_bfpr_PR830033,PR830033,Diferimento previsto no subitem 27.2 do “caput” do art. 31 do Anexo VIII do RICMS/2017,base.state_br_pr,Diferimento,,
item_bfpr_PR830034,PR830034,Diferimento previsto no subitem 27.3 do “caput” do art. 31 do Anexo VIII do RICMS/2017,base.state_br_pr,Diferimento,,
item_bfpr_PR830035,PR830035,Diferimento previsto no item 28 do “caput” do art. 31 do Anexo VIII do RICMS/2017,base.state_br_pr,Diferimento,,
item_bfpr_PR830036,PR830036,Diferimento previsto no item 29 do “caput” do art. 31 do Anexo VIII do RICMS/2017,base.state_br_pr,Diferimento,,
item_bfpr_PR830037,PR830037,Diferimento previsto no item 30 do “caput” do art. 31 do Anexo VIII do RICMS/2017,base.state_br_pr,Diferimento,,
item_bfpr_PR830038,PR830038,Diferimento previsto no item 31 do “caput” do art. 31 do Anexo VIII do RICMS/2017,base.state_br_pr,Diferimento,,
item_bfpr_PR830039,PR830039,Diferimento previsto no item 32 do “caput” do art. 31 do Anexo VIII do RICMS/2017,base.state_br_pr,Diferimento,,
item_bfpr_PR830040,PR830040,Diferimento previsto no item 33 do “caput” do art. 31 do Anexo VIII do RICMS/2017,base.state_br_pr,Diferimento,,
item_bfpr_PR830041,PR830041,Diferimento previsto no item 34 do “caput” do art. 31 do Anexo VIII do RICMS/2017,base.state_br_pr,Diferimento,,
item_bfpr_PR830042,PR830042,Diferimento previsto no item 35 do “caput” do art. 31 do Anexo VIII do RICMS/2017,base.state_br_pr,Diferimento,,
item_bfpr_PR830043,PR830043,Diferimento previsto no item 36 do “caput” do art. 31 do Anexo VIII do RICMS/2017,base.state_br_pr,Diferimento,,
item_bfpr_PR830044,PR830044,Diferimento previsto no item 37 do “caput” do art. 31 do Anexo VIII do RICMS/2017,base.state_br_pr,Diferimento,,
item_bfpr_PR830045,PR830045,Diferimento previsto no item 38 do “caput” do art. 31 do Anexo VIII do RICMS/2017,base.state_br_pr,Diferimento,,
item_bfpr_PR830046,PR830046,Diferimento previsto no item 39 do “caput” do art. 31 do Anexo VIII do RICMS/2017,base.state_br_pr,Diferimento,,
item_bfpr_PR830047,PR830047,Diferimento previsto no item 40 do “caput” do art. 31 do Anexo VIII do RICMS/2017,base.state_br_pr,Diferimento,,
item_bfpr_PR830048,PR830048,Diferimento previsto no item 41 do “caput” do art. 31 do Anexo VIII do RICMS/2017,base.state_br_pr,Diferimento,,
item_bfpr_PR830049,PR830049,Diferimento previsto no item 42 do “caput” do art. 31 do Anexo VIII do RICMS/2017,base.state_br_pr,Diferimento,,
item_bfpr_PR830050,PR830050,Diferimento previsto no item 43 do “caput” do art. 31 do Anexo VIII do RICMS/2017,base.state_br_pr,Diferimento,,
item_bfpr_PR830051,PR830051,Diferimento previsto no item 44 do “caput” do art. 31 do Anexo VIII do RICMS/2017,base.state_br_pr,Diferimento,,
item_bfpr_PR830052,PR830052,Diferimento previsto no item 45 do “caput” do art. 31 do Anexo VIII do RICMS/2017,base.state_br_pr,Diferimento,,
item_bfpr_PR830053,PR830053,Diferimento previsto no item 46 do “caput” do art. 31 do Anexo VIII do RICMS/2017,base.state_br_pr,Diferimento,,
item_bfpr_PR830054,PR830054,Diferimento previsto no item 47 do “caput” do art. 31 do Anexo VIII do RICMS/2017,base.state_br_pr,Diferimento,,
item_bfpr_PR830055,PR830055,Diferimento previsto no item 48 do “caput” do art. 31 do Anexo VIII do RICMS/2017,base.state_br_pr,Diferimento,,
item_bfpr_PR830056,PR830056,Diferimento previsto no item 49 do “caput” do art. 31 do Anexo VIII do RICMS/2017,base.state_br_pr,Diferimento,,
item_bfpr_PR830057,PR830057,Diferimento previsto no item 50 do “caput” do art. 31 do Anexo VIII do RICMS/2017,base.state_br_pr,Diferimento,,
item_bfpr_PR830058,PR830058,Diferimento previsto no item 51 do “caput” do art. 31 do Anexo VIII do RICMS/2017,base.state_br_pr,Diferimento,,
item_bfpr_PR830059,PR830059,Diferimento previsto no item 52 do “caput” do art. 31 do Anexo VIII do RICMS/2017,base.state_br_pr,Diferimento,,
item_bfpr_PR830060,PR830060,Diferimento previsto no item 53 do “caput” do art. 31 do Anexo VIII do RICMS/2017,base.state_br_pr,Diferimento,,
item_bfpr_PR830061,PR830061,Diferimento previsto no item 54 do “caput” do art. 31 do Anexo VIII do RICMS/2017,base.state_br_pr,Diferimento,,
item_bfpr_PR830062,PR830062,Diferimento previsto no item 55 do “caput” do art. 31 do Anexo VIII do RICMS/2017,base.state_br_pr,Diferimento,,
item_bfpr_PR830063,PR830063,Diferimento previsto no item 56 do “caput” do art. 31 do Anexo VIII do RICMS/2017,base.state_br_pr,Diferimento,,
item_bfpr_PR830064,PR830064,Diferimento previsto no item 57 do “caput” do art. 31 do Anexo VIII do RICMS/2017,base.state_br_pr,Diferimento,,
item_bfpr_PR830065,PR830065,Diferimento previsto no item 58 do “caput” do art. 31 do Anexo VIII do RICMS/2017,base.state_br_pr,Diferimento,,
item_bfpr_PR830066,PR830066,Diferimento previsto no item 59 do “caput” do art. 31 do Anexo VIII do RICMS/2017,base.state_br_pr,Diferimento,,
item_bfpr_PR830067,PR830067,Diferimento previsto no item 60 do “caput” do art. 31 do Anexo VIII do RICMS/2017,base.state_br_pr,Diferimento,,
item_bfpr_PR830068,PR830068,Diferimento previsto no item 61 do “caput” do art. 31 do Anexo VIII do RICMS/2017,base.state_br_pr,Diferimento,,
item_bfpr_PR830069,PR830069,Diferimento previsto no item 62 do “caput” do art. 31 do Anexo VIII do RICMS/2017,base.state_br_pr,Diferimento,,
item_bfpr_PR830070,PR830070,Diferimento previsto no item 63 do “caput” do art. 31 do Anexo VIII do RICMS/2017,base.state_br_pr,Diferimento,,
item_bfpr_PR830071,PR830071,Diferimento previsto no item 64 do “caput” do art. 31 do Anexo VIII do RICMS/2017,base.state_br_pr,Diferimento,,
item_bfpr_PR830072,PR830072,Diferimento previsto no item 65 do “caput” do art. 31 do Anexo VIII do RICMS/2017,base.state_br_pr,Diferimento,,
item_bfpr_PR830073,PR830073,Diferimento previsto no item 66 do “caput” do art. 31 do Anexo VIII do RICMS/2017,base.state_br_pr,Diferimento,,
item_bfpr_PR830074,PR830074,Diferimento previsto no item 67 do “caput” do art. 31 do Anexo VIII do RICMS/2017,base.state_br_pr,Diferimento,,
item_bfpr_PR830075,PR830075,Diferimento previsto no item 68 do “caput” do art. 31 do Anexo VIII do RICMS/2017,base.state_br_pr,Diferimento,,
item_bfpr_PR830076,PR830076,Diferimento previsto no item 69 do “caput” do art. 31 do Anexo VIII do RICMS/2017,base.state_br_pr,Diferimento,,
item_bfpr_PR830077,PR830077,Diferimento previsto no item 70 do “caput” do art. 31 do Anexo VIII do RICMS/2017,base.state_br_pr,Diferimento,,
item_bfpr_PR830078,PR830078,Diferimento previsto no item 71 do “caput” do art. 31 do Anexo VIII do RICMS/2017,base.state_br_pr,Diferimento,,
item_bfpr_PR830079,PR830079,Diferimento previsto no item 72 do “caput” do art. 31 do Anexo VIII do RICMS/2017,base.state_br_pr,Diferimento,,
item_bfpr_PR830080,PR830080,Diferimento previsto no item 73 do “caput” do art. 31 do Anexo VIII do RICMS/2017,base.state_br_pr,Diferimento,,
item_bfpr_PR830081,PR830081,Diferimento previsto no item 74 do “caput” do art. 31 do Anexo VIII do RICMS/2017,base.state_br_pr,Diferimento,,
item_bfpr_PR830082,PR830082,Diferimento previsto no item 75 do “caput” do art. 31 do Anexo VIII do RICMS/2017,base.state_br_pr,Diferimento,,
item_bfpr_PR830083,PR830083,Diferimento previsto no item 76 do “caput” do art. 31 do Anexo VIII do RICMS/2017,base.state_br_pr,Diferimento,,
item_bfpr_PR830084,PR830084,Diferimento previsto no item 77 do “caput” do art. 31 do Anexo VIII do RICMS/2017,base.state_br_pr,Diferimento,,
item_bfpr_PR830085,PR830085,Diferimento previsto no item 78 do “caput” do art. 31 do Anexo VIII do RICMS/2017,base.state_br_pr,Diferimento,,
item_bfpr_PR830086,PR830086,Diferimento previsto no item 79 do “caput” do art. 31 do Anexo VIII do RICMS/2017,base.state_br_pr,Diferimento,,
item_bfpr_PR830087,PR830087,Diferimento previsto no item 80 do “caput” do art. 31 do Anexo VIII do RICMS/2017,base.state_br_pr,Diferimento,,
item_bfpr_PR830088,PR830088,Diferimento previsto no item 81 do “caput” do art. 31 do Anexo VIII do RICMS/2017,base.state_br_pr,Diferimento,,
item_bfpr_PR830089,PR830089,Diferimento previsto no item 82 do “caput” do art. 31 do Anexo VIII do RICMS/2017,base.state_br_pr,Diferimento,,
item_bfpr_PR830090,PR830090,Diferimento previsto no item 83 do “caput” do art. 31 do Anexo VIII do RICMS/2017,base.state_br_pr,Diferimento,,
item_bfpr_PR830091,PR830091,Diferimento previsto no item 84 do “caput” do art. 31 do Anexo VIII do RICMS/2017,base.state_br_pr,Diferimento,,
item_bfpr_PR830092,PR830092,Diferimento previsto no item 85 do “caput” do art. 31 do Anexo VIII do RICMS/2017,base.state_br_pr,Diferimento,,
item_bfpr_PR830093,PR830093,Diferimento previsto no item 86 do “caput” do art. 31 do Anexo VIII do RICMS/2017,base.state_br_pr,Diferimento,,
item_bfpr_PR830094,PR830094,Diferimento previsto no § 1º do art. 31 do Anexo VIII do RICMS/2017,base.state_br_pr,Diferimento,,
item_bfpr_PR830095,PR830095,Diferimento previsto no § 11 do art. 31 do Anexo VIII do RICMS/2017,base.state_br_pr,Diferimento,,
item_bfpr_PR830096,PR830096,Diferimento previsto no § 17 do art. 31 do Anexo VIII do RICMS/2017,base.state_br_pr,Diferimento,,
item_bfpr_PR830097,PR830097,Diferimento previsto no § 19 do art. 31 do Anexo VIII do RICMS/2017,base.state_br_pr,Diferimento,,
item_bfpr_PR830098,PR830098,Diferimento previsto no art. 32 do Anexo VIII do RICMS/2017,base.state_br_pr,Diferimento,,
item_bfpr_PR830099,PR830099,Diferimento previsto no art. 39 do Anexo VIII do RICMS/2017,base.state_br_pr,Diferimento,,
item_bfpr_PR830100,PR830100,Diferimento previsto no art. 41 do Anexo VIII do RICMS/2017,base.state_br_pr,Diferimento,,
item_bfpr_PR830101,PR830101,Diferimento previsto no inciso I do “caput” do art. 42 do Anexo VIII do RICMS/2017,base.state_br_pr,Diferimento,,
item_bfpr_PR830102,PR830102,Diferimento previsto no inciso II do “caput” do art. 42 do Anexo VIII do RICMS/2017,base.state_br_pr,Diferimento,,
item_bfpr_PR830103,PR830103,Diferimento previsto no inciso III do “caput” do art. 42 do Anexo VIII do RICMS/2017,base.state_br_pr,Diferimento,,
item_bfpr_PR830104,PR830104,Diferimento previsto no inciso IV do “caput” do art. 42 do Anexo VIII do RICMS/2017,base.state_br_pr,Diferimento,,
item_bfpr_PR830105,PR830105,Diferimento previsto no inciso V do “caput” do art. 42 do Anexo VIII do RICMS/2017,base.state_br_pr,Diferimento,,
item_bfpr_PR830106,PR830106,Diferimento previsto na alínea a do inc. VI do “caput” do art. 42 do Anexo VIII do RICMS/2017,base.state_br_pr,Diferimento,,
item_bfpr_PR830107,PR830107,Diferimento previsto na alínea b do inc. VI do “caput” do art. 42 do Anexo VIII do RICMS/2017,base.state_br_pr,Diferimento,,
item_bfpr_PR830108,PR830108,Diferimento previsto no inciso VII do “caput” do art. 42 do Anexo VIII do RICMS/2017,base.state_br_pr,Diferimento,,
item_bfpr_PR830109,PR830109,Diferimento previsto no inciso VIII do “caput” do art. 42 do Anexo VIII do RICMS/2017,base.state_br_pr,Diferimento,,
item_bfpr_PR830110,PR830110,Diferimento previsto no inciso IX do “caput” do art. 42 do Anexo VIII do RICMS/2017,base.state_br_pr,Diferimento,,
item_bfpr_PR830111,PR830111,Diferimento previsto no inciso X do “caput” do art. 42 do Anexo VIII do RICMS/2017,base.state_br_pr,Diferimento,,
item_bfpr_PR830112,PR830112,Diferimento previsto no inciso I do “caput” do art. 44 do Anexo VIII do RICMS/2017,base.state_br_pr,Diferimento,,
item_bfpr_PR830113,PR830113,Diferimento previsto no inciso II do “caput” do art. 44 do Anexo VIII do RICMS/2017,base.state_br_pr,Diferimento,,
item_bfpr_PR830114,PR830114,Diferimento previsto no inciso III do “caput” do art. 44 do Anexo VIII do RICMS/2017,base.state_br_pr,Diferimento,,
item_bfpr_PR830115,PR830115,Diferimento previsto no inciso IV do “caput” do art. 44 do Anexo VIII do RICMS/2017,base.state_br_pr,Diferimento,,
item_bfpr_PR830116,PR830116,Diferimento previsto no inciso V do “caput” do art. 44 do Anexo VIII do RICMS/2017,base.state_br_pr,Diferimento,,
item_bfpr_PR830117,PR830117,Diferimento previsto no inciso VI do “caput” do art. 44 do Anexo VIII do RICMS/2017,base.state_br_pr,Diferimento,,
item_bfpr_PR830118,PR830118,Diferimento previsto no inciso VII do “caput” do art. 44 do Anexo VIII do RICMS/2017,base.state_br_pr,Diferimento,,
item_bfpr_PR830119,PR830119,Diferimento previsto no inciso VIII do “caput” do art. 44 do Anexo VIII do RICMS/2017,base.state_br_pr,Diferimento,,
item_bfpr_PR830120,PR830120,Diferimento previsto no inciso IX do “caput” do art. 44 do Anexo VIII do RICMS/2017,base.state_br_pr,Diferimento,,
item_bfpr_PR830121,PR830121,Diferimento previsto no inciso X do “caput” do art. 44 do Anexo VIII do RICMS/2017,base.state_br_pr,Diferimento,,
item_bfpr_PR830122,PR830122,Diferimento previsto no inciso XI do “caput” do art. 44 do Anexo VIII do RICMS/2017,base.state_br_pr,Diferimento,,
item_bfpr_PR830123,PR830123,Diferimento previsto no inciso XII do “caput” do art. 44 do Anexo VIII do RICMS/2017,base.state_br_pr,Diferimento,,
item_bfpr_PR830124,PR830124,Diferimento previsto no inciso XIII do “caput” do art. 44 do Anexo VIII do RICMS/2017,base.state_br_pr,Diferimento,,
item_bfpr_PR830125,PR830125,Diferimento previsto no inciso XIV do “caput” do art. 44 do Anexo VIII do RICMS/2017,base.state_br_pr,Diferimento,,
item_bfpr_PR830126,PR830126,Diferimento previsto na alínea a do inciso I do “caput” do art. 46 do Anexo VIII do RICMS/2017,base.state_br_pr,Diferimento,,
item_bfpr_PR830127,PR830127,Diferimento previsto na alínea b do inciso I do “caput” do art. 46 do Anexo VIII do RICMS/2017,base.state_br_pr,Diferimento,,
item_bfpr_PR830128,PR830128,Diferimento previsto na alínea a do inciso II do “caput” do art. 46 do Anexo VIII do RICMS/2017,base.state_br_pr,Diferimento,,
item_bfpr_PR830129,PR830129,Diferimento previsto na alínea b do inciso II do “caput” do art. 46 do Anexo VIII do RICMS/2017,base.state_br_pr,Diferimento,,
item_bfpr_PR830130,PR830130,Diferimento previsto no art. 6º da Lei 13.212/2001,base.state_br_pr,Diferimento,,
item_bjpr_PR830131,PR830131,Diferimento previsto no art. 459 do RICMS/2017,base.state_br_pr,Diferimento,,
item_bjpr_PR830132,PR830132,Diferimento previsto nos arts. 524 e 530 do RICMS/2017,base.state_br_pr,Diferimento,,
item_bjpr_PR830133,PR830133,Diferimento previsto no art. 60 do Anexo IX do RICMS/2017,base.state_br_pr,Diferimento,,
item_bjpr_PR830134,PR830134,Diferimento previsto no inciso III do art. 3º da Lei 13.212/2001,base.state_br_pr,Diferimento,,
item_bjpr_PR839998,PR839998,Diferimento sem código específico,base.state_br_pr,Diferimento,,
item_bfpr_PR839999,PR839999,Diferimento previsto em regime especial e/ou programa de incentivo,base.state_br_pr,Diferimento,,
item_bfpr_PR840000,PR840000,Suspensão do pagamento do imposto reconhecida judicialmente,base.state_br_pr,Suspensão,,
item_bfpr_PR840001,PR840001,Suspensão prevista no inciso I do “caput” do art. 1º do Anexo VIII do RICMS/2017,base.state_br_pr,Suspensão,,
item_bfpr_PR840002,PR840002,Suspensão prevista no inciso II do “caput” do art. 1º do Anexo VIII do RICMS/2017,base.state_br_pr,Suspensão,,
item_bfpr_PR840003,PR840003,Suspensão prevista no inciso III do “caput” do art. 1º do Anexo VIII do RICMS/2017,base.state_br_pr,Suspensão,,
item_bfpr_PR840004,PR840004,Suspensão prevista no inciso IV do “caput” do art. 1º do Anexo VIII do RICMS/2017,base.state_br_pr,Suspensão,,
item_bfpr_PR840005,PR840005,Suspensão prevista no inciso V do “caput” do art. 1º do Anexo VIII do RICMS/2017,base.state_br_pr,Suspensão,,
item_bfpr_PR840006,PR840006,Suspensão prevista no inciso VI do “caput” do art. 1º do Anexo VIII do RICMS/2017,base.state_br_pr,Suspensão,,
item_bfpr_PR840007,PR840007,Suspensão prevista no inciso VII do “caput” do art. 1º do Anexo VIII do RICMS/2017,base.state_br_pr,Suspensão,,
item_bfpr_PR840008,PR840008,Suspensão prevista no inciso VIII do “caput” do art. 1º do Anexo VIII do RICMS/2017,base.state_br_pr,Suspensão,,
item_bfpr_PR840009,PR840009,Suspensão prevista no inciso IX do “caput” do art. 1º do Anexo VIII do RICMS/2017,base.state_br_pr,Suspensão,,
item_bfpr_PR840010,PR840010,Suspensão prevista no inciso X do “caput” do art. 1º do Anexo VIII do RICMS/2017,base.state_br_pr,Suspensão,,
item_bfpr_PR840011,PR840011,Suspensão prevista no inciso XI do “caput” do art. 1º do Anexo VIII do RICMS/2017,base.state_br_pr,Suspensão,,
item_bfpr_PR840012,PR840012,Suspensão prevista no inciso XII do “caput” do art. 1º do Anexo VIII do RICMS/2017,base.state_br_pr,Suspensão,,
item_bfpr_PR840013,PR840013,Suspensão prevista no inciso XIII do “caput” do art. 1º do Anexo VIII do RICMS/2017,base.state_br_pr,Suspensão,,
item_bfpr_PR840014,PR840014,Suspensão prevista no “caput” do art. 2º do Anexo VIII do RICMS/2017,base.state_br_pr,Suspensão,,
item_bfpr_PR840015,PR840015,"Suspensão prevista no art. 12-A, da Subseção II, do Anexo VIII do RICMS/2017",base.state_br_pr,Suspensão,,
item_bjpr_PR840016,PR840016,Suspensão prevista no  § 6º do art. 448  do RICMS/2017,base.state_br_pr,Suspensão,,
item_bjpr_PR840017,PR840017,Suspensão prevista no  art. 458  do RICMS/2017,base.state_br_pr,Suspensão,,
item_bjpr_PR840018,PR840018,Suspensão prevista no  art. 460  do RICMS/2017,base.state_br_pr,Suspensão,,
item_bjpr_PR840019,PR840019,Suspensão prevista no  art. 468  do RICMS/2017,base.state_br_pr,Suspensão,,
item_bjpr_PR840020,PR840020,Suspensão prevista na  alínea 'b' do inciso I do § 1º do art. 497 e alínea 'c' do inciso II do art. 499 do RICMS/2017,base.state_br_pr,Suspensão,,
item_bjpr_PR840021,PR840021,Suspensão prevista no inciso I do 'caput'  na alínea 'a'  do inciso IV e no  inciso V do § 1º  nas alíneas 'a' e 'b' do inciso I e no inciso II do § 3º do art. 499-C do RICMS/2017,base.state_br_pr,Suspensão,,
item_bjpr_PR840022,PR840022,Suspensão prevista  nos arts. 525 e 529 do RICMS/2017,base.state_br_pr,Suspensão,,
item_bjpr_PR840023,PR840023,Suspensão prevista  nos art. 532 do RICMS/2017,base.state_br_pr,Suspensão,,
item_bjpr_PR840024,PR840024,Sem destaque do ICMS conforme art. 554 do RICMS/2017,base.state_br_pr,Suspensão,,
item_bjpr_PR840025,PR840025,Suspensão prevista nos arts. 572  573  § 2º  inciso I  e 576  inciso II  alínea 'a'  item 2  do RICMS/2017,base.state_br_pr,Suspensão,,
item_bjpr_PR840026,PR840026,Suspensão prevista na Subseção II do Tíítulo I do Anexo VIII do RICMS/2017,base.state_br_pr,Suspensão,,
item_bjpr_PR840027,PR840027,Suspensão prevista no art. 60 do Anexo IX do RICMS/2017,base.state_br_pr,Suspensão,,
item_bjpr_PR849998,PR849998,Suspensão sem código específico,base.state_br_pr,Suspensão,,
item_bfpr_PR849999,PR849999,Suspensão prevista em regime especial e/ou programa de incentivo,base.state_br_pr,Suspensão,,
